account_id,signup_date,channel,region,is_holdout,signup_method
acct_0001,2026-09-07,paid_search,US-East,False,github_oauth
acct_0002,2026-07-16,paid_social,US-East,False,github_oauth
acct_0003,2026-09-01,community_events,US-East,True,github_oauth
acct_0004,2026-07-17,organic_direct,LATAM,True,github_oauth
acct_0005,2026-09-09,organic_direct,APAC-SG,False,email
acct_0006,2026-06-18,paid_social,APAC-SG,False,github_oauth
acct_0007,2026-07-15,developer_sponsorship,US-East,True,github_oauth
acct_0008,2026-08-02,developer_sponsorship,LATAM,False,github_oauth
acct_0009,2026-08-15,organic_direct,US-East,False,email
acct_0010,2026-06-28,organic_direct,EU-Central,False,email
acct_0011,2026-08-30,paid_social,US-East,True,github_oauth
acct_0012,2026-07-25,paid_search,US-West,False,email
acct_0013,2026-07-23,community_events,EU-Central,False,email
acct_0014,2026-07-14,developer_sponsorship,US-East,False,github_oauth
acct_0015,2026-08-25,paid_social,US-West,False,email
acct_0016,2026-09-07,organic_direct,US-West,False,github_oauth
acct_0017,2026-07-17,paid_search,EU-Central,False,github_oauth
acct_0018,2026-07-15,organic_direct,EU-Central,False,email
acct_0019,2026-08-07,community_events,US-West,False,github_oauth
acct_0020,2026-08-28,organic_direct,EU-Central,False,email
acct_0021,2026-08-31,community_events,EU-Central,False,github_oauth
acct_0022,2026-08-22,community_events,US-East,False,github_oauth
acct_0023,2026-07-07,paid_social,APAC-SG,False,email
acct_0024,2026-08-05,organic_direct,APAC-SG,False,github_oauth
acct_0025,2026-09-13,paid_search,LATAM,False,email
acct_0026,2026-07-02,developer_sponsorship,APAC-SG,False,github_oauth
acct_0027,2026-07-21,organic_direct,US-West,False,github_oauth
acct_0028,2026-09-06,developer_sponsorship,LATAM,False,github_oauth
acct_0029,2026-08-04,paid_social,LATAM,False,github_oauth
acct_0030,2026-09-02,developer_sponsorship,APAC-SG,True,email
acct_0031,2026-07-27,paid_social,US-East,False,github_oauth
acct_0032,2026-06-28,community_events,US-East,False,github_oauth
acct_0033,2026-07-04,community_events,LATAM,False,email
acct_0034,2026-07-15,organic_direct,US-West,False,email
acct_0035,2026-09-11,developer_sponsorship,APAC-SG,False,email
acct_0036,2026-07-03,paid_social,US-West,True,github_oauth
acct_0037,2026-09-01,organic_direct,US-West,False,github_oauth
acct_0038,2026-06-27,paid_search,US-West,True,github_oauth
acct_0039,2026-07-30,paid_search,LATAM,False,email
acct_0040,2026-07-15,organic_direct,US-West,False,email
acct_0041,2026-07-19,community_events,APAC-SG,False,github_oauth
acct_0042,2026-09-10,community_events,EU-Central,False,email
acct_0043,2026-06-24,paid_search,US-East,False,email
acct_0044,2026-07-01,paid_social,US-West,False,email
acct_0045,2026-07-05,community_events,US-West,False,github_oauth
acct_0046,2026-06-27,community_events,LATAM,True,github_oauth
acct_0047,2026-06-29,paid_social,US-West,False,email
acct_0048,2026-07-15,community_events,US-East,False,github_oauth
acct_0049,2026-08-06,developer_sponsorship,APAC-SG,False,email
acct_0050,2026-07-07,paid_social,EU-Central,False,github_oauth
acct_0051,2026-08-31,organic_direct,US-East,False,github_oauth
acct_0052,2026-06-24,organic_direct,APAC-SG,False,github_oauth
acct_0053,2026-06-25,organic_direct,US-East,False,github_oauth
acct_0054,2026-09-02,paid_search,US-West,False,github_oauth
acct_0055,2026-08-31,organic_direct,US-East,False,email
acct_0056,2026-09-10,organic_direct,LATAM,False,email
acct_0057,2026-07-14,developer_sponsorship,US-West,False,github_oauth
acct_0058,2026-09-11,developer_sponsorship,APAC-SG,False,github_oauth
acct_0059,2026-06-19,community_events,LATAM,False,github_oauth
acct_0060,2026-06-27,organic_direct,US-West,False,github_oauth
acct_0061,2026-08-01,paid_search,US-West,False,github_oauth
acct_0062,2026-08-13,organic_direct,EU-Central,False,github_oauth
acct_0063,2026-09-11,organic_direct,EU-Central,False,github_oauth
acct_0064,2026-07-05,developer_sponsorship,US-East,False,github_oauth
acct_0065,2026-07-22,developer_sponsorship,LATAM,False,email
acct_0066,2026-07-14,developer_sponsorship,LATAM,False,github_oauth
acct_0067,2026-06-29,community_events,EU-Central,True,email
acct_0068,2026-07-04,developer_sponsorship,US-West,False,email
acct_0069,2026-08-28,paid_search,US-East,True,github_oauth
acct_0070,2026-08-26,paid_search,EU-Central,False,github_oauth
acct_0071,2026-08-12,paid_social,US-East,False,github_oauth
acct_0072,2026-08-02,paid_social,US-West,False,email
acct_0073,2026-08-28,community_events,LATAM,False,github_oauth
acct_0074,2026-07-08,paid_social,APAC-SG,True,email
acct_0075,2026-08-09,paid_social,EU-Central,False,github_oauth
acct_0076,2026-08-05,paid_search,APAC-SG,False,email
acct_0077,2026-08-01,developer_sponsorship,US-West,False,github_oauth
acct_0078,2026-08-08,developer_sponsorship,EU-Central,False,email
acct_0079,2026-08-01,organic_direct,APAC-SG,False,email
acct_0080,2026-06-21,paid_search,EU-Central,False,email
acct_0081,2026-06-22,paid_search,LATAM,False,email
acct_0082,2026-08-12,organic_direct,LATAM,False,github_oauth
acct_0083,2026-07-20,paid_search,APAC-SG,True,github_oauth
acct_0084,2026-08-03,community_events,US-East,False,email
acct_0085,2026-09-05,developer_sponsorship,US-East,False,email
acct_0086,2026-08-21,developer_sponsorship,APAC-SG,False,email
acct_0087,2026-08-27,paid_social,US-West,False,email
acct_0088,2026-09-12,paid_social,LATAM,False,email
acct_0089,2026-08-27,paid_search,EU-Central,False,email
acct_0090,2026-08-31,organic_direct,EU-Central,False,email
acct_0091,2026-09-12,paid_social,LATAM,False,github_oauth
acct_0092,2026-09-10,paid_search,EU-Central,False,email
acct_0093,2026-06-29,paid_social,EU-Central,False,github_oauth
acct_0094,2026-07-06,paid_search,US-East,False,email
acct_0095,2026-09-04,paid_search,APAC-SG,False,github_oauth
acct_0096,2026-09-15,community_events,APAC-SG,False,github_oauth
acct_0097,2026-09-09,paid_search,US-East,False,github_oauth
acct_0098,2026-07-10,organic_direct,APAC-SG,True,github_oauth
acct_0099,2026-07-03,community_events,US-West,False,email
acct_0100,2026-08-13,organic_direct,LATAM,False,email
acct_0101,2026-07-08,community_events,APAC-SG,False,github_oauth
acct_0102,2026-09-07,developer_sponsorship,LATAM,False,github_oauth
acct_0103,2026-07-23,community_events,US-East,False,github_oauth
acct_0104,2026-07-22,developer_sponsorship,EU-Central,False,github_oauth
acct_0105,2026-07-05,paid_social,US-West,False,github_oauth
acct_0106,2026-07-15,paid_search,APAC-SG,False,email
acct_0107,2026-08-10,paid_search,US-West,False,email
acct_0108,2026-08-31,paid_search,LATAM,False,github_oauth
acct_0109,2026-08-02,developer_sponsorship,APAC-SG,False,email
acct_0110,2026-08-25,organic_direct,LATAM,False,email
acct_0111,2026-07-16,developer_sponsorship,APAC-SG,False,email
acct_0112,2026-07-31,community_events,US-West,False,github_oauth
acct_0113,2026-09-05,organic_direct,US-East,False,github_oauth
acct_0114,2026-06-28,community_events,US-West,False,github_oauth
acct_0115,2026-06-24,developer_sponsorship,APAC-SG,False,email
acct_0116,2026-07-29,developer_sponsorship,APAC-SG,False,email
acct_0117,2026-07-20,paid_search,APAC-SG,True,github_oauth
acct_0118,2026-08-01,paid_social,US-East,False,github_oauth
acct_0119,2026-06-21,paid_social,US-West,False,github_oauth
acct_0120,2026-07-18,paid_social,APAC-SG,False,github_oauth
acct_0121,2026-08-16,developer_sponsorship,EU-Central,False,github_oauth
acct_0122,2026-07-08,developer_sponsorship,US-East,False,email
acct_0123,2026-08-30,community_events,APAC-SG,False,github_oauth
acct_0124,2026-06-27,organic_direct,US-West,False,email
acct_0125,2026-09-13,organic_direct,US-East,False,github_oauth
acct_0126,2026-08-01,organic_direct,APAC-SG,False,github_oauth
acct_0127,2026-08-21,developer_sponsorship,US-East,False,email
acct_0128,2026-07-01,community_events,EU-Central,False,email
acct_0129,2026-07-07,community_events,US-West,False,email
acct_0130,2026-09-04,organic_direct,APAC-SG,False,email
acct_0131,2026-07-29,paid_social,US-East,False,email
acct_0132,2026-07-19,community_events,LATAM,False,email
acct_0133,2026-07-31,paid_search,APAC-SG,False,github_oauth
acct_0134,2026-08-19,paid_social,EU-Central,False,email
acct_0135,2026-07-23,organic_direct,EU-Central,False,github_oauth
acct_0136,2026-06-28,paid_social,APAC-SG,False,github_oauth
acct_0137,2026-09-14,community_events,APAC-SG,False,github_oauth
acct_0138,2026-06-29,developer_sponsorship,US-West,False,github_oauth
acct_0139,2026-07-27,organic_direct,EU-Central,False,email
acct_0140,2026-08-11,organic_direct,EU-Central,False,email
acct_0141,2026-07-22,developer_sponsorship,EU-Central,False,github_oauth
acct_0142,2026-07-28,paid_search,LATAM,False,github_oauth
acct_0143,2026-07-12,paid_social,APAC-SG,False,email
acct_0144,2026-06-30,paid_social,EU-Central,False,github_oauth
acct_0145,2026-07-26,paid_search,LATAM,False,github_oauth
acct_0146,2026-06-24,organic_direct,EU-Central,False,github_oauth
acct_0147,2026-09-07,community_events,US-East,False,email
acct_0148,2026-08-17,community_events,APAC-SG,False,github_oauth
acct_0149,2026-07-20,community_events,US-East,False,email
acct_0150,2026-08-19,paid_search,LATAM,False,github_oauth
acct_0151,2026-07-07,paid_social,LATAM,False,github_oauth
acct_0152,2026-07-19,paid_search,LATAM,False,github_oauth
acct_0153,2026-08-23,community_events,APAC-SG,False,email
acct_0154,2026-09-01,community_events,EU-Central,False,github_oauth
acct_0155,2026-09-04,paid_search,US-West,False,email
acct_0156,2026-09-10,paid_search,US-West,False,github_oauth
acct_0157,2026-07-08,paid_search,APAC-SG,False,email
acct_0158,2026-07-25,paid_search,US-West,False,email
acct_0159,2026-09-15,community_events,US-East,False,email
acct_0160,2026-09-06,organic_direct,US-West,False,github_oauth
acct_0161,2026-09-08,paid_social,EU-Central,False,github_oauth
acct_0162,2026-06-25,paid_social,EU-Central,False,email
acct_0163,2026-08-13,paid_search,APAC-SG,False,email
acct_0164,2026-07-22,organic_direct,LATAM,False,github_oauth
acct_0165,2026-09-02,paid_search,APAC-SG,False,email
acct_0166,2026-06-21,paid_search,US-West,False,github_oauth
acct_0167,2026-09-12,developer_sponsorship,LATAM,True,github_oauth
acct_0168,2026-08-17,organic_direct,APAC-SG,False,github_oauth
acct_0169,2026-08-31,community_events,APAC-SG,False,email
acct_0170,2026-08-01,community_events,EU-Central,False,github_oauth
acct_0171,2026-07-08,developer_sponsorship,APAC-SG,False,email
acct_0172,2026-09-10,community_events,LATAM,True,github_oauth
acct_0173,2026-07-28,developer_sponsorship,EU-Central,False,email
acct_0174,2026-08-22,paid_search,LATAM,False,github_oauth
acct_0175,2026-07-12,organic_direct,EU-Central,False,email
acct_0176,2026-09-06,community_events,US-East,False,github_oauth
acct_0177,2026-07-24,community_events,APAC-SG,False,github_oauth
acct_0178,2026-07-08,developer_sponsorship,LATAM,True,email
acct_0179,2026-06-29,paid_social,US-East,False,github_oauth
acct_0180,2026-09-08,paid_social,APAC-SG,False,email
acct_0181,2026-08-22,developer_sponsorship,APAC-SG,False,email
acct_0182,2026-07-19,community_events,LATAM,False,github_oauth
acct_0183,2026-09-02,organic_direct,US-West,False,email
acct_0184,2026-08-10,developer_sponsorship,LATAM,False,github_oauth
acct_0185,2026-07-24,developer_sponsorship,LATAM,False,email
acct_0186,2026-07-07,community_events,LATAM,False,email
acct_0187,2026-08-27,organic_direct,APAC-SG,False,email
acct_0188,2026-07-12,paid_social,LATAM,False,email
acct_0189,2026-06-23,developer_sponsorship,APAC-SG,False,email
acct_0190,2026-08-06,paid_social,APAC-SG,False,github_oauth
acct_0191,2026-08-21,organic_direct,EU-Central,False,email
acct_0192,2026-06-30,organic_direct,APAC-SG,True,github_oauth
acct_0193,2026-08-09,paid_social,US-East,False,email
acct_0194,2026-07-31,organic_direct,APAC-SG,False,email
acct_0195,2026-09-12,organic_direct,APAC-SG,False,email
acct_0196,2026-08-26,paid_search,LATAM,True,email
acct_0197,2026-07-17,paid_search,APAC-SG,False,github_oauth
acct_0198,2026-08-13,paid_social,EU-Central,False,github_oauth
acct_0199,2026-07-29,paid_search,EU-Central,False,email
acct_0200,2026-07-06,paid_social,LATAM,False,github_oauth
acct_0201,2026-07-09,paid_social,US-East,False,email
acct_0202,2026-09-05,paid_social,APAC-SG,False,github_oauth
acct_0203,2026-07-17,community_events,EU-Central,False,github_oauth
acct_0204,2026-08-16,developer_sponsorship,LATAM,False,email
acct_0205,2026-08-01,organic_direct,EU-Central,False,email
acct_0206,2026-09-14,developer_sponsorship,APAC-SG,False,github_oauth
acct_0207,2026-08-06,community_events,US-East,False,email
acct_0208,2026-08-30,developer_sponsorship,EU-Central,True,email
acct_0209,2026-07-23,paid_search,LATAM,False,github_oauth
acct_0210,2026-09-03,community_events,EU-Central,False,github_oauth
acct_0211,2026-09-03,developer_sponsorship,US-West,False,email
acct_0212,2026-09-12,paid_social,US-East,False,github_oauth
acct_0213,2026-07-27,community_events,US-East,False,github_oauth
acct_0214,2026-06-29,developer_sponsorship,EU-Central,False,github_oauth
acct_0215,2026-07-13,paid_social,LATAM,False,email
acct_0216,2026-08-24,organic_direct,EU-Central,False,email
acct_0217,2026-08-18,developer_sponsorship,EU-Central,False,email
acct_0218,2026-06-27,paid_social,US-West,False,email
acct_0219,2026-08-28,developer_sponsorship,US-East,False,github_oauth
acct_0220,2026-07-21,organic_direct,US-East,False,email
acct_0221,2026-08-31,community_events,EU-Central,False,github_oauth
acct_0222,2026-08-17,paid_search,LATAM,False,email
acct_0223,2026-09-04,paid_social,US-East,False,email
acct_0224,2026-09-15,developer_sponsorship,APAC-SG,False,github_oauth
acct_0225,2026-06-22,developer_sponsorship,APAC-SG,False,github_oauth
acct_0226,2026-08-25,paid_social,APAC-SG,False,email
acct_0227,2026-09-01,paid_social,APAC-SG,False,email
acct_0228,2026-09-04,community_events,EU-Central,True,email
acct_0229,2026-07-15,community_events,APAC-SG,False,email
acct_0230,2026-06-30,developer_sponsorship,LATAM,False,email
acct_0231,2026-06-25,community_events,EU-Central,False,github_oauth
acct_0232,2026-08-15,paid_search,US-West,False,github_oauth
acct_0233,2026-06-24,developer_sponsorship,US-West,False,github_oauth
acct_0234,2026-06-26,organic_direct,US-West,False,github_oauth
acct_0235,2026-07-30,paid_social,LATAM,True,github_oauth
acct_0236,2026-07-04,organic_direct,EU-Central,False,github_oauth
acct_0237,2026-09-10,paid_search,US-West,True,github_oauth
acct_0238,2026-09-01,developer_sponsorship,US-East,False,github_oauth
acct_0239,2026-07-04,community_events,LATAM,False,github_oauth
acct_0240,2026-08-17,community_events,EU-Central,False,github_oauth
acct_0241,2026-08-14,organic_direct,US-West,False,github_oauth
acct_0242,2026-09-10,organic_direct,EU-Central,False,github_oauth
acct_0243,2026-06-25,community_events,APAC-SG,False,github_oauth
acct_0244,2026-08-19,community_events,US-East,False,email
acct_0245,2026-09-03,paid_social,US-East,False,email
acct_0246,2026-08-05,organic_direct,LATAM,False,email
acct_0247,2026-06-30,paid_search,LATAM,False,github_oauth
acct_0248,2026-08-12,community_events,US-West,False,email
acct_0249,2026-08-08,community_events,US-East,False,email
acct_0250,2026-09-11,developer_sponsorship,EU-Central,False,email
acct_0251,2026-06-26,paid_search,US-East,True,github_oauth
acct_0252,2026-08-04,paid_social,LATAM,True,email
acct_0253,2026-09-11,paid_search,APAC-SG,False,email
acct_0254,2026-06-24,developer_sponsorship,LATAM,False,github_oauth
acct_0255,2026-08-30,organic_direct,US-West,False,email
acct_0256,2026-07-16,paid_search,EU-Central,False,email
acct_0257,2026-07-02,developer_sponsorship,LATAM,False,email
acct_0258,2026-08-28,organic_direct,LATAM,False,github_oauth
acct_0259,2026-09-03,developer_sponsorship,US-East,False,email
acct_0260,2026-07-31,developer_sponsorship,US-East,False,github_oauth
acct_0261,2026-08-29,community_events,US-East,False,github_oauth
acct_0262,2026-06-29,organic_direct,US-West,False,email
acct_0263,2026-07-31,paid_social,EU-Central,False,email
acct_0264,2026-08-29,organic_direct,US-East,False,github_oauth
acct_0265,2026-07-08,organic_direct,US-East,False,email
acct_0266,2026-08-13,community_events,APAC-SG,False,email
acct_0267,2026-07-22,paid_social,LATAM,False,email
acct_0268,2026-07-02,developer_sponsorship,LATAM,False,email
acct_0269,2026-06-23,paid_social,APAC-SG,False,github_oauth
acct_0270,2026-06-18,paid_social,EU-Central,False,github_oauth
acct_0271,2026-07-20,developer_sponsorship,EU-Central,False,email
acct_0272,2026-08-12,paid_social,US-West,False,github_oauth
acct_0273,2026-08-21,organic_direct,EU-Central,True,github_oauth
acct_0274,2026-08-12,paid_search,APAC-SG,False,email
acct_0275,2026-08-30,community_events,LATAM,False,email
acct_0276,2026-07-25,paid_search,APAC-SG,True,email
acct_0277,2026-07-09,organic_direct,APAC-SG,False,email
acct_0278,2026-06-29,community_events,US-East,False,email
acct_0279,2026-08-24,paid_search,APAC-SG,False,email
acct_0280,2026-07-16,developer_sponsorship,US-West,True,github_oauth
acct_0281,2026-08-24,organic_direct,US-West,False,email
acct_0282,2026-08-01,paid_social,US-West,False,email
acct_0283,2026-07-13,paid_social,LATAM,False,github_oauth
acct_0284,2026-07-10,community_events,APAC-SG,False,email
acct_0285,2026-09-13,organic_direct,LATAM,False,email
acct_0286,2026-07-07,community_events,US-East,False,email
acct_0287,2026-07-23,organic_direct,US-East,False,github_oauth
acct_0288,2026-07-27,community_events,APAC-SG,True,email
acct_0289,2026-07-24,paid_search,US-East,False,email
acct_0290,2026-08-16,organic_direct,LATAM,False,github_oauth
acct_0291,2026-08-14,organic_direct,US-West,False,email
acct_0292,2026-08-21,paid_social,US-East,False,email
acct_0293,2026-06-28,organic_direct,US-West,True,email
acct_0294,2026-08-13,organic_direct,LATAM,False,email
acct_0295,2026-08-04,developer_sponsorship,APAC-SG,False,email
acct_0296,2026-09-12,organic_direct,US-East,False,email
acct_0297,2026-06-26,developer_sponsorship,US-East,False,email
acct_0298,2026-07-24,developer_sponsorship,LATAM,False,email
acct_0299,2026-06-28,organic_direct,US-West,False,email
acct_0300,2026-09-09,community_events,US-West,False,github_oauth
acct_0301,2026-07-27,organic_direct,APAC-SG,False,email
acct_0302,2026-07-04,organic_direct,US-East,False,email
acct_0303,2026-08-22,developer_sponsorship,US-East,False,github_oauth
acct_0304,2026-07-15,developer_sponsorship,APAC-SG,False,github_oauth
acct_0305,2026-07-07,paid_search,EU-Central,False,github_oauth
acct_0306,2026-08-21,organic_direct,LATAM,True,email
acct_0307,2026-09-05,paid_social,LATAM,False,github_oauth
acct_0308,2026-07-11,organic_direct,US-West,False,github_oauth
acct_0309,2026-08-09,developer_sponsorship,US-West,False,email
acct_0310,2026-08-14,paid_social,LATAM,False,email
acct_0311,2026-07-12,developer_sponsorship,LATAM,False,email
acct_0312,2026-07-24,community_events,LATAM,False,github_oauth
acct_0313,2026-07-13,organic_direct,US-West,False,github_oauth
acct_0314,2026-09-08,community_events,EU-Central,False,github_oauth
acct_0315,2026-08-23,paid_search,EU-Central,True,github_oauth
acct_0316,2026-07-22,community_events,LATAM,False,email
acct_0317,2026-06-29,paid_social,APAC-SG,False,github_oauth
acct_0318,2026-08-10,paid_search,APAC-SG,False,github_oauth
acct_0319,2026-08-06,paid_search,EU-Central,False,email
acct_0320,2026-06-30,developer_sponsorship,US-West,False,email
acct_0321,2026-08-17,paid_social,APAC-SG,False,github_oauth
acct_0322,2026-06-28,paid_search,EU-Central,False,github_oauth
acct_0323,2026-08-27,organic_direct,LATAM,False,email
acct_0324,2026-07-18,developer_sponsorship,US-East,True,email
acct_0325,2026-09-07,organic_direct,APAC-SG,True,email
acct_0326,2026-09-02,organic_direct,US-East,False,github_oauth
acct_0327,2026-07-06,developer_sponsorship,APAC-SG,True,email
acct_0328,2026-07-18,organic_direct,APAC-SG,False,github_oauth
acct_0329,2026-08-24,developer_sponsorship,US-East,False,github_oauth
acct_0330,2026-08-06,community_events,US-East,False,email
acct_0331,2026-07-20,paid_search,EU-Central,False,email
acct_0332,2026-07-18,paid_search,LATAM,False,email
acct_0333,2026-07-05,paid_search,EU-Central,False,github_oauth
acct_0334,2026-09-13,community_events,APAC-SG,False,github_oauth
acct_0335,2026-06-26,community_events,US-East,False,github_oauth
acct_0336,2026-07-13,paid_search,EU-Central,False,email
acct_0337,2026-08-26,community_events,EU-Central,True,github_oauth
acct_0338,2026-07-24,developer_sponsorship,US-East,False,email
acct_0339,2026-07-22,paid_search,EU-Central,False,email
acct_0340,2026-08-13,community_events,EU-Central,False,email
acct_0341,2026-09-14,community_events,EU-Central,False,email
acct_0342,2026-06-28,community_events,US-East,False,github_oauth
acct_0343,2026-08-26,developer_sponsorship,EU-Central,False,email
acct_0344,2026-09-10,developer_sponsorship,EU-Central,False,email
acct_0345,2026-07-09,community_events,EU-Central,False,email
acct_0346,2026-09-04,community_events,EU-Central,False,github_oauth
acct_0347,2026-06-27,community_events,EU-Central,False,github_oauth
acct_0348,2026-06-21,paid_social,LATAM,False,email
acct_0349,2026-06-22,paid_social,US-East,False,email
acct_0350,2026-08-03,community_events,LATAM,True,github_oauth
acct_0351,2026-09-12,community_events,EU-Central,False,github_oauth
acct_0352,2026-08-30,paid_social,LATAM,False,email
acct_0353,2026-09-09,developer_sponsorship,US-West,False,github_oauth
acct_0354,2026-07-11,community_events,LATAM,False,github_oauth
acct_0355,2026-07-21,developer_sponsorship,APAC-SG,False,email
acct_0356,2026-09-14,community_events,US-West,False,github_oauth
acct_0357,2026-08-14,paid_social,APAC-SG,False,email
acct_0358,2026-09-11,developer_sponsorship,US-East,False,email
acct_0359,2026-07-26,paid_social,US-West,False,github_oauth
acct_0360,2026-07-03,paid_social,US-West,False,email
acct_0361,2026-06-21,developer_sponsorship,LATAM,False,email
acct_0362,2026-08-27,paid_social,LATAM,False,github_oauth
acct_0363,2026-07-27,community_events,APAC-SG,False,email
acct_0364,2026-08-30,paid_search,US-West,False,github_oauth
acct_0365,2026-08-14,community_events,LATAM,False,github_oauth
acct_0366,2026-07-04,community_events,LATAM,False,github_oauth
acct_0367,2026-07-03,organic_direct,US-West,False,github_oauth
acct_0368,2026-07-29,paid_social,EU-Central,False,email
acct_0369,2026-06-28,developer_sponsorship,US-West,False,email
acct_0370,2026-07-04,developer_sponsorship,LATAM,False,github_oauth
acct_0371,2026-09-01,organic_direct,US-West,False,email
acct_0372,2026-08-29,paid_search,US-East,True,email
acct_0373,2026-09-09,paid_social,LATAM,False,github_oauth
acct_0374,2026-08-20,organic_direct,EU-Central,False,email
acct_0375,2026-08-18,paid_social,APAC-SG,False,github_oauth
acct_0376,2026-09-14,paid_search,US-West,False,email
acct_0377,2026-08-16,paid_social,EU-Central,False,email
acct_0378,2026-07-28,developer_sponsorship,APAC-SG,False,email
acct_0379,2026-08-22,organic_direct,US-East,False,email
acct_0380,2026-07-03,developer_sponsorship,APAC-SG,False,github_oauth
acct_0381,2026-06-24,developer_sponsorship,APAC-SG,False,email
acct_0382,2026-07-19,paid_social,EU-Central,False,email
acct_0383,2026-07-12,paid_social,APAC-SG,False,email
acct_0384,2026-08-20,developer_sponsorship,APAC-SG,True,email
acct_0385,2026-08-21,community_events,US-West,False,email
acct_0386,2026-06-24,paid_search,EU-Central,False,email
acct_0387,2026-07-24,organic_direct,US-East,False,email
acct_0388,2026-07-05,developer_sponsorship,EU-Central,False,email
acct_0389,2026-06-23,community_events,US-East,False,github_oauth
acct_0390,2026-08-03,organic_direct,EU-Central,True,email
acct_0391,2026-08-27,developer_sponsorship,LATAM,False,github_oauth
acct_0392,2026-07-04,paid_search,APAC-SG,False,email
acct_0393,2026-08-28,developer_sponsorship,US-West,False,email
acct_0394,2026-08-21,paid_search,US-East,True,email
acct_0395,2026-08-17,organic_direct,APAC-SG,False,github_oauth
acct_0396,2026-07-29,organic_direct,EU-Central,False,email
acct_0397,2026-09-01,developer_sponsorship,LATAM,False,email
acct_0398,2026-08-29,developer_sponsorship,APAC-SG,False,email
acct_0399,2026-07-30,paid_search,APAC-SG,False,github_oauth
acct_0400,2026-09-02,community_events,EU-Central,False,github_oauth
acct_0401,2026-06-24,organic_direct,APAC-SG,False,email
acct_0402,2026-07-06,paid_social,US-East,False,github_oauth
acct_0403,2026-07-12,paid_search,APAC-SG,False,github_oauth
acct_0404,2026-08-09,paid_social,APAC-SG,False,email
acct_0405,2026-06-25,paid_social,LATAM,False,email
acct_0406,2026-09-10,community_events,LATAM,False,github_oauth
acct_0407,2026-08-15,organic_direct,EU-Central,False,email
acct_0408,2026-09-04,community_events,US-West,False,email
acct_0409,2026-08-28,developer_sponsorship,US-West,False,email
acct_0410,2026-07-24,paid_social,APAC-SG,False,email
acct_0411,2026-08-28,developer_sponsorship,EU-Central,False,email
acct_0412,2026-08-07,developer_sponsorship,US-West,False,email
acct_0413,2026-06-28,developer_sponsorship,APAC-SG,False,email
acct_0414,2026-07-15,paid_social,LATAM,False,email
acct_0415,2026-07-05,paid_search,LATAM,False,github_oauth
acct_0416,2026-07-19,paid_search,LATAM,False,github_oauth
acct_0417,2026-06-24,paid_search,APAC-SG,False,email
acct_0418,2026-06-30,paid_social,US-East,False,github_oauth
acct_0419,2026-08-09,community_events,APAC-SG,False,email
acct_0420,2026-07-29,developer_sponsorship,US-East,False,github_oauth
acct_0421,2026-09-09,organic_direct,US-West,False,github_oauth
acct_0422,2026-07-10,community_events,US-West,False,github_oauth
acct_0423,2026-08-07,community_events,US-West,False,email
acct_0424,2026-06-22,paid_search,EU-Central,False,github_oauth
acct_0425,2026-07-30,developer_sponsorship,APAC-SG,False,email
acct_0426,2026-07-05,organic_direct,APAC-SG,False,github_oauth
acct_0427,2026-07-30,paid_social,APAC-SG,False,github_oauth
acct_0428,2026-06-19,developer_sponsorship,EU-Central,False,github_oauth
acct_0429,2026-07-10,organic_direct,APAC-SG,False,email
acct_0430,2026-06-29,community_events,US-East,False,github_oauth
acct_0431,2026-08-18,developer_sponsorship,US-West,True,email
acct_0432,2026-07-18,community_events,EU-Central,False,email
acct_0433,2026-08-31,organic_direct,US-East,False,email
acct_0434,2026-09-14,paid_social,US-East,False,email
acct_0435,2026-07-27,paid_social,APAC-SG,False,email
acct_0436,2026-09-14,paid_search,EU-Central,False,github_oauth
acct_0437,2026-07-16,paid_social,APAC-SG,False,email
acct_0438,2026-08-10,organic_direct,APAC-SG,False,github_oauth
acct_0439,2026-07-19,organic_direct,US-East,False,email
acct_0440,2026-06-27,organic_direct,US-East,True,github_oauth
acct_0441,2026-08-30,organic_direct,US-West,False,email
acct_0442,2026-07-02,paid_social,LATAM,False,email
acct_0443,2026-06-25,community_events,US-West,False,email
acct_0444,2026-08-29,paid_search,LATAM,False,email
acct_0445,2026-06-20,community_events,EU-Central,False,github_oauth
acct_0446,2026-08-31,paid_search,US-East,False,github_oauth
acct_0447,2026-08-26,paid_search,US-East,False,email
acct_0448,2026-06-22,developer_sponsorship,APAC-SG,False,github_oauth
acct_0449,2026-09-08,community_events,EU-Central,False,email
acct_0450,2026-08-14,community_events,APAC-SG,True,github_oauth
acct_0451,2026-09-09,developer_sponsorship,US-East,False,email
acct_0452,2026-08-24,paid_social,US-West,False,github_oauth
acct_0453,2026-07-26,community_events,LATAM,False,email
acct_0454,2026-07-17,paid_social,APAC-SG,False,email
acct_0455,2026-07-12,paid_search,US-East,False,email
acct_0456,2026-09-04,paid_search,US-West,False,github_oauth
acct_0457,2026-09-02,paid_search,APAC-SG,False,github_oauth
acct_0458,2026-07-19,paid_search,APAC-SG,False,github_oauth
acct_0459,2026-06-25,paid_social,LATAM,False,github_oauth
acct_0460,2026-08-30,developer_sponsorship,LATAM,False,email
acct_0461,2026-07-18,developer_sponsorship,US-West,False,github_oauth
acct_0462,2026-08-09,developer_sponsorship,EU-Central,True,github_oauth
acct_0463,2026-09-06,community_events,LATAM,False,email
acct_0464,2026-09-08,community_events,LATAM,False,email
acct_0465,2026-08-09,paid_social,EU-Central,False,email
acct_0466,2026-07-18,paid_social,EU-Central,False,github_oauth
acct_0467,2026-08-16,paid_search,LATAM,False,email
acct_0468,2026-08-28,organic_direct,US-West,False,email
acct_0469,2026-07-14,developer_sponsorship,US-East,False,email
acct_0470,2026-06-29,organic_direct,US-West,True,email
acct_0471,2026-09-12,organic_direct,LATAM,True,github_oauth
acct_0472,2026-07-12,organic_direct,LATAM,False,github_oauth
acct_0473,2026-07-30,developer_sponsorship,US-East,False,github_oauth
acct_0474,2026-07-03,community_events,US-West,False,github_oauth
acct_0475,2026-08-07,paid_social,LATAM,False,email
acct_0476,2026-08-05,community_events,LATAM,False,email
acct_0477,2026-07-21,developer_sponsorship,LATAM,False,email
acct_0478,2026-06-30,community_events,EU-Central,False,email
acct_0479,2026-07-28,community_events,US-East,False,github_oauth
acct_0480,2026-07-06,paid_search,EU-Central,False,email
acct_0481,2026-07-25,paid_social,US-West,False,email
acct_0482,2026-08-29,paid_social,APAC-SG,False,email
acct_0483,2026-07-20,community_events,APAC-SG,False,email
acct_0484,2026-07-09,paid_social,LATAM,False,github_oauth
acct_0485,2026-08-24,paid_search,US-East,False,github_oauth
acct_0486,2026-06-18,community_events,US-West,False,github_oauth
acct_0487,2026-06-26,paid_social,US-East,False,email
acct_0488,2026-08-04,paid_search,LATAM,False,email
acct_0489,2026-09-10,community_events,US-East,True,email
acct_0490,2026-06-19,paid_search,LATAM,False,email
acct_0491,2026-06-20,organic_direct,APAC-SG,False,github_oauth
acct_0492,2026-07-01,paid_search,LATAM,False,github_oauth
acct_0493,2026-09-05,organic_direct,EU-Central,False,email
acct_0494,2026-08-07,paid_search,EU-Central,False,email
acct_0495,2026-08-29,paid_social,US-West,False,github_oauth
acct_0496,2026-09-09,paid_search,US-East,False,email
acct_0497,2026-08-27,community_events,US-East,False,github_oauth
acct_0498,2026-06-28,community_events,APAC-SG,False,email
acct_0499,2026-08-29,paid_search,LATAM,False,github_oauth
acct_0500,2026-07-15,organic_direct,APAC-SG,False,github_oauth
acct_0501,2026-09-13,developer_sponsorship,LATAM,False,github_oauth
acct_0502,2026-07-10,developer_sponsorship,US-East,False,github_oauth
acct_0503,2026-08-07,paid_search,EU-Central,False,github_oauth
acct_0504,2026-08-29,community_events,LATAM,False,github_oauth
acct_0505,2026-09-14,paid_search,LATAM,False,email
acct_0506,2026-06-24,paid_search,APAC-SG,False,github_oauth
acct_0507,2026-07-31,organic_direct,LATAM,False,email
acct_0508,2026-07-29,paid_search,EU-Central,False,email
acct_0509,2026-08-19,paid_social,EU-Central,False,email
acct_0510,2026-08-12,paid_social,LATAM,False,github_oauth
acct_0511,2026-09-05,developer_sponsorship,US-West,False,github_oauth
acct_0512,2026-07-22,paid_social,APAC-SG,False,github_oauth
acct_0513,2026-08-06,developer_sponsorship,EU-Central,False,github_oauth
acct_0514,2026-07-27,community_events,EU-Central,False,github_oauth
acct_0515,2026-07-04,paid_search,US-West,False,email
acct_0516,2026-07-01,paid_search,US-East,False,github_oauth
acct_0517,2026-09-02,organic_direct,EU-Central,False,github_oauth
acct_0518,2026-07-25,community_events,APAC-SG,False,github_oauth
acct_0519,2026-08-30,organic_direct,US-West,False,github_oauth
acct_0520,2026-07-05,developer_sponsorship,EU-Central,False,github_oauth
acct_0521,2026-06-26,paid_social,APAC-SG,False,email
acct_0522,2026-08-18,paid_search,EU-Central,False,github_oauth
acct_0523,2026-09-06,community_events,LATAM,False,email
acct_0524,2026-07-01,paid_social,EU-Central,True,email
acct_0525,2026-07-30,organic_direct,APAC-SG,False,email
acct_0526,2026-08-13,developer_sponsorship,APAC-SG,False,github_oauth
acct_0527,2026-07-26,developer_sponsorship,LATAM,False,github_oauth
acct_0528,2026-08-18,developer_sponsorship,US-West,False,email
acct_0529,2026-07-25,community_events,LATAM,False,email
acct_0530,2026-08-05,developer_sponsorship,APAC-SG,False,github_oauth
acct_0531,2026-09-01,organic_direct,US-West,False,github_oauth
acct_0532,2026-08-16,paid_social,APAC-SG,False,github_oauth
acct_0533,2026-08-09,community_events,US-West,False,github_oauth
acct_0534,2026-07-20,paid_social,APAC-SG,False,github_oauth
acct_0535,2026-08-14,organic_direct,APAC-SG,False,email
acct_0536,2026-08-26,paid_search,EU-Central,False,github_oauth
acct_0537,2026-07-01,paid_social,EU-Central,False,github_oauth
acct_0538,2026-08-29,community_events,EU-Central,False,email
acct_0539,2026-07-01,paid_search,US-East,False,github_oauth
acct_0540,2026-08-14,developer_sponsorship,APAC-SG,False,github_oauth
acct_0541,2026-08-01,paid_search,APAC-SG,False,email
acct_0542,2026-06-28,paid_search,US-West,False,email
acct_0543,2026-08-15,paid_social,LATAM,False,email
acct_0544,2026-06-30,community_events,APAC-SG,False,email
acct_0545,2026-06-23,paid_search,US-East,False,github_oauth
acct_0546,2026-09-12,paid_social,US-West,False,github_oauth
acct_0547,2026-07-30,organic_direct,APAC-SG,False,github_oauth
acct_0548,2026-08-08,paid_social,US-West,False,email
acct_0549,2026-08-07,paid_search,LATAM,False,email
acct_0550,2026-09-01,community_events,APAC-SG,True,github_oauth
acct_0551,2026-07-14,developer_sponsorship,US-East,False,github_oauth
acct_0552,2026-08-03,developer_sponsorship,US-West,False,email
acct_0553,2026-09-11,community_events,LATAM,False,email
acct_0554,2026-09-02,community_events,LATAM,False,github_oauth
acct_0555,2026-08-01,developer_sponsorship,APAC-SG,False,email
acct_0556,2026-09-04,organic_direct,US-East,False,email
acct_0557,2026-07-03,paid_social,EU-Central,False,email
acct_0558,2026-09-14,paid_social,LATAM,False,github_oauth
acct_0559,2026-08-30,community_events,APAC-SG,False,github_oauth
acct_0560,2026-08-28,paid_social,APAC-SG,False,github_oauth
acct_0561,2026-07-28,community_events,LATAM,True,email
acct_0562,2026-06-19,community_events,US-West,False,email
acct_0563,2026-08-28,organic_direct,APAC-SG,False,email
acct_0564,2026-08-10,community_events,APAC-SG,False,github_oauth
acct_0565,2026-07-16,developer_sponsorship,US-East,False,email
acct_0566,2026-07-09,community_events,LATAM,False,email
acct_0567,2026-08-27,organic_direct,US-East,False,email
acct_0568,2026-08-26,developer_sponsorship,LATAM,False,github_oauth
acct_0569,2026-08-13,organic_direct,US-West,False,github_oauth
acct_0570,2026-09-09,paid_social,EU-Central,False,github_oauth
acct_0571,2026-08-14,developer_sponsorship,EU-Central,False,github_oauth
acct_0572,2026-08-13,paid_search,US-West,False,email
acct_0573,2026-09-04,community_events,US-West,False,github_oauth
acct_0574,2026-07-14,paid_search,LATAM,False,email
acct_0575,2026-09-02,organic_direct,US-West,False,email
acct_0576,2026-07-25,organic_direct,EU-Central,False,github_oauth
acct_0577,2026-07-05,community_events,US-East,False,github_oauth
acct_0578,2026-09-15,paid_social,US-West,False,email
acct_0579,2026-07-19,community_events,APAC-SG,False,email
acct_0580,2026-09-06,community_events,APAC-SG,False,github_oauth
acct_0581,2026-08-08,organic_direct,EU-Central,False,email
acct_0582,2026-08-15,community_events,EU-Central,False,github_oauth
acct_0583,2026-08-15,developer_sponsorship,US-East,False,email
acct_0584,2026-07-15,community_events,US-West,False,email
acct_0585,2026-07-24,developer_sponsorship,LATAM,False,email
acct_0586,2026-07-31,paid_search,US-East,True,email
acct_0587,2026-06-20,paid_search,US-West,False,github_oauth
acct_0588,2026-08-11,paid_social,US-West,False,email
acct_0589,2026-07-08,developer_sponsorship,US-East,False,email
acct_0590,2026-06-28,developer_sponsorship,US-West,True,email
acct_0591,2026-09-15,paid_social,APAC-SG,False,github_oauth
acct_0592,2026-06-18,paid_social,APAC-SG,True,github_oauth
acct_0593,2026-08-23,community_events,US-East,True,email
acct_0594,2026-07-03,community_events,US-West,False,github_oauth
acct_0595,2026-08-06,paid_search,US-East,False,email
acct_0596,2026-07-26,paid_social,APAC-SG,False,github_oauth
acct_0597,2026-09-08,paid_social,US-East,False,github_oauth
acct_0598,2026-09-04,paid_social,APAC-SG,False,github_oauth
acct_0599,2026-09-06,paid_social,APAC-SG,False,email
acct_0600,2026-07-15,paid_search,US-East,False,github_oauth
acct_0601,2026-09-01,community_events,EU-Central,False,email
acct_0602,2026-07-05,paid_social,EU-Central,False,github_oauth
acct_0603,2026-08-27,organic_direct,LATAM,False,email
acct_0604,2026-09-14,paid_search,EU-Central,False,github_oauth
acct_0605,2026-08-07,developer_sponsorship,US-East,False,github_oauth
acct_0606,2026-08-20,community_events,US-East,False,github_oauth
acct_0607,2026-08-24,paid_search,EU-Central,False,github_oauth
acct_0608,2026-08-06,organic_direct,APAC-SG,False,github_oauth
acct_0609,2026-08-17,paid_search,US-East,False,github_oauth
acct_0610,2026-07-21,paid_social,US-East,False,email
acct_0611,2026-08-21,developer_sponsorship,LATAM,False,email
acct_0612,2026-09-15,community_events,US-East,False,github_oauth
acct_0613,2026-07-23,paid_search,EU-Central,True,github_oauth
acct_0614,2026-07-07,organic_direct,EU-Central,False,github_oauth
acct_0615,2026-07-27,community_events,US-West,True,github_oauth
acct_0616,2026-08-12,paid_search,APAC-SG,False,github_oauth
acct_0617,2026-07-27,paid_social,US-East,True,github_oauth
acct_0618,2026-09-15,paid_search,US-West,False,email
acct_0619,2026-08-23,organic_direct,EU-Central,False,github_oauth
acct_0620,2026-07-22,paid_search,US-East,False,email
acct_0621,2026-07-22,organic_direct,US-East,False,github_oauth
acct_0622,2026-08-20,community_events,LATAM,False,email
acct_0623,2026-08-29,paid_social,EU-Central,False,github_oauth
acct_0624,2026-08-30,paid_search,US-West,False,github_oauth
acct_0625,2026-06-23,paid_search,US-West,True,email
acct_0626,2026-08-06,paid_social,US-West,False,github_oauth
acct_0627,2026-08-27,community_events,US-West,False,email
acct_0628,2026-07-28,developer_sponsorship,US-East,False,github_oauth
acct_0629,2026-08-21,paid_search,US-West,False,github_oauth
acct_0630,2026-08-08,paid_search,APAC-SG,False,email
acct_0631,2026-07-29,paid_search,LATAM,False,email
acct_0632,2026-07-13,developer_sponsorship,LATAM,False,github_oauth
acct_0633,2026-08-16,developer_sponsorship,LATAM,False,github_oauth
acct_0634,2026-08-26,paid_social,US-West,True,email
acct_0635,2026-06-21,paid_social,LATAM,False,github_oauth
acct_0636,2026-07-30,paid_search,APAC-SG,False,email
acct_0637,2026-07-01,paid_social,LATAM,False,email
acct_0638,2026-08-19,paid_search,US-West,False,github_oauth
acct_0639,2026-06-23,paid_social,LATAM,False,email
acct_0640,2026-08-15,paid_search,LATAM,True,github_oauth
acct_0641,2026-09-07,community_events,US-East,False,github_oauth
acct_0642,2026-08-12,paid_social,US-West,False,email
acct_0643,2026-08-07,developer_sponsorship,EU-Central,False,github_oauth
acct_0644,2026-06-27,paid_social,US-West,False,github_oauth
acct_0645,2026-07-07,paid_search,US-West,False,email
acct_0646,2026-08-09,paid_search,LATAM,False,github_oauth
acct_0647,2026-08-14,developer_sponsorship,APAC-SG,False,github_oauth
acct_0648,2026-06-29,paid_social,EU-Central,False,github_oauth
acct_0649,2026-07-15,developer_sponsorship,US-West,True,github_oauth
acct_0650,2026-08-02,community_events,LATAM,True,email
acct_0651,2026-07-21,paid_social,US-East,False,email
acct_0652,2026-08-28,organic_direct,US-West,True,github_oauth
acct_0653,2026-07-05,paid_search,US-East,True,github_oauth
acct_0654,2026-07-04,paid_social,APAC-SG,False,github_oauth
acct_0655,2026-08-31,organic_direct,EU-Central,False,github_oauth
acct_0656,2026-06-20,paid_search,US-West,False,email
acct_0657,2026-07-04,paid_search,EU-Central,False,email
acct_0658,2026-06-24,paid_social,LATAM,False,email
acct_0659,2026-08-20,paid_search,APAC-SG,False,github_oauth
acct_0660,2026-08-02,paid_social,US-West,False,email
acct_0661,2026-07-07,paid_search,LATAM,False,github_oauth
acct_0662,2026-09-08,developer_sponsorship,APAC-SG,False,email
acct_0663,2026-06-25,paid_search,EU-Central,False,email
acct_0664,2026-07-13,organic_direct,US-West,False,github_oauth
acct_0665,2026-08-05,developer_sponsorship,APAC-SG,False,email
acct_0666,2026-08-01,organic_direct,LATAM,False,email
acct_0667,2026-07-11,paid_search,EU-Central,False,github_oauth
acct_0668,2026-07-23,paid_search,APAC-SG,False,github_oauth
acct_0669,2026-07-08,paid_search,US-West,False,email
acct_0670,2026-08-25,paid_search,US-West,False,email
acct_0671,2026-08-02,paid_social,US-West,False,email
acct_0672,2026-09-15,developer_sponsorship,LATAM,True,email
acct_0673,2026-08-29,organic_direct,US-West,False,github_oauth
acct_0674,2026-08-20,organic_direct,EU-Central,False,github_oauth
acct_0675,2026-06-29,paid_search,US-West,False,github_oauth
acct_0676,2026-08-24,community_events,US-East,False,github_oauth
acct_0677,2026-07-04,developer_sponsorship,US-West,False,email
acct_0678,2026-06-25,paid_search,US-West,False,github_oauth
acct_0679,2026-07-02,organic_direct,EU-Central,False,email
acct_0680,2026-09-10,community_events,LATAM,False,email
acct_0681,2026-07-29,paid_social,US-West,False,email
acct_0682,2026-09-07,community_events,EU-Central,False,email
acct_0683,2026-07-16,organic_direct,US-West,False,email
acct_0684,2026-07-04,paid_social,US-East,False,email
acct_0685,2026-08-29,paid_search,US-West,False,github_oauth
acct_0686,2026-09-07,organic_direct,US-East,False,github_oauth
acct_0687,2026-07-30,paid_search,US-West,False,email
acct_0688,2026-07-09,paid_search,EU-Central,False,email
acct_0689,2026-07-14,paid_social,US-East,False,github_oauth
acct_0690,2026-06-18,paid_search,APAC-SG,False,email
acct_0691,2026-07-09,community_events,APAC-SG,False,email
acct_0692,2026-08-26,community_events,US-East,False,github_oauth
acct_0693,2026-07-08,community_events,US-East,False,github_oauth
acct_0694,2026-07-25,paid_search,EU-Central,False,github_oauth
acct_0695,2026-06-27,developer_sponsorship,US-West,False,github_oauth
acct_0696,2026-06-27,organic_direct,US-East,False,email
acct_0697,2026-06-21,community_events,US-West,False,email
acct_0698,2026-07-08,paid_search,US-East,False,github_oauth
acct_0699,2026-08-09,organic_direct,LATAM,False,email
acct_0700,2026-07-26,paid_social,US-East,True,email
acct_0701,2026-07-07,paid_search,EU-Central,True,github_oauth
acct_0702,2026-07-25,organic_direct,APAC-SG,False,github_oauth
acct_0703,2026-07-14,paid_social,EU-Central,False,email
acct_0704,2026-07-02,developer_sponsorship,APAC-SG,False,email
acct_0705,2026-06-29,organic_direct,APAC-SG,False,email
acct_0706,2026-08-04,paid_social,APAC-SG,True,email
acct_0707,2026-08-16,developer_sponsorship,US-West,False,github_oauth
acct_0708,2026-07-07,paid_search,US-East,False,email
acct_0709,2026-09-01,paid_social,LATAM,True,email
acct_0710,2026-08-23,community_events,LATAM,False,email
acct_0711,2026-08-30,paid_social,APAC-SG,False,email
acct_0712,2026-06-22,organic_direct,LATAM,False,github_oauth
acct_0713,2026-07-03,community_events,US-West,False,github_oauth
acct_0714,2026-07-15,paid_social,US-West,True,github_oauth
acct_0715,2026-09-13,community_events,US-West,False,github_oauth
acct_0716,2026-09-02,developer_sponsorship,EU-Central,False,github_oauth
acct_0717,2026-06-29,community_events,LATAM,False,email
acct_0718,2026-07-23,organic_direct,APAC-SG,False,github_oauth
acct_0719,2026-09-15,organic_direct,LATAM,False,email
acct_0720,2026-07-02,community_events,US-West,False,github_oauth
acct_0721,2026-07-01,organic_direct,US-East,False,email
acct_0722,2026-08-09,developer_sponsorship,APAC-SG,False,email
acct_0723,2026-06-22,paid_social,EU-Central,False,email
acct_0724,2026-06-22,community_events,EU-Central,False,github_oauth
acct_0725,2026-08-17,developer_sponsorship,EU-Central,True,email
acct_0726,2026-07-27,developer_sponsorship,APAC-SG,False,github_oauth
acct_0727,2026-07-17,paid_social,EU-Central,False,email
acct_0728,2026-07-29,developer_sponsorship,APAC-SG,False,github_oauth
acct_0729,2026-07-12,community_events,US-West,False,email
acct_0730,2026-08-19,organic_direct,EU-Central,False,github_oauth
acct_0731,2026-06-26,developer_sponsorship,LATAM,False,github_oauth
acct_0732,2026-07-10,paid_social,US-West,False,github_oauth
acct_0733,2026-06-22,community_events,US-East,False,github_oauth
acct_0734,2026-07-23,developer_sponsorship,APAC-SG,False,github_oauth
acct_0735,2026-09-13,paid_search,US-West,False,email
acct_0736,2026-07-10,community_events,LATAM,False,email
acct_0737,2026-07-08,developer_sponsorship,US-East,False,email
acct_0738,2026-06-24,paid_social,LATAM,False,github_oauth
acct_0739,2026-07-16,paid_social,US-West,False,email
acct_0740,2026-08-22,paid_search,US-East,False,github_oauth
acct_0741,2026-09-08,paid_social,LATAM,False,github_oauth
acct_0742,2026-07-20,organic_direct,EU-Central,False,email
acct_0743,2026-08-11,community_events,EU-Central,False,github_oauth
acct_0744,2026-08-16,developer_sponsorship,LATAM,False,email
acct_0745,2026-08-31,paid_search,US-East,False,email
acct_0746,2026-08-28,organic_direct,LATAM,False,github_oauth
acct_0747,2026-08-18,paid_search,EU-Central,False,email
acct_0748,2026-07-23,developer_sponsorship,EU-Central,False,github_oauth
acct_0749,2026-06-25,organic_direct,APAC-SG,False,github_oauth
acct_0750,2026-06-21,community_events,EU-Central,False,email
acct_0751,2026-08-08,community_events,US-East,False,github_oauth
acct_0752,2026-07-31,paid_social,LATAM,False,email
acct_0753,2026-09-11,developer_sponsorship,LATAM,False,github_oauth
acct_0754,2026-09-10,organic_direct,US-West,False,email
acct_0755,2026-07-04,developer_sponsorship,LATAM,False,github_oauth
acct_0756,2026-09-13,developer_sponsorship,US-East,False,github_oauth
acct_0757,2026-07-27,community_events,EU-Central,False,email
acct_0758,2026-08-16,paid_search,APAC-SG,True,github_oauth
acct_0759,2026-08-17,paid_social,LATAM,False,email
acct_0760,2026-08-24,developer_sponsorship,APAC-SG,True,github_oauth
acct_0761,2026-07-05,paid_social,EU-Central,False,email
acct_0762,2026-07-06,developer_sponsorship,US-West,False,email
acct_0763,2026-07-30,paid_social,EU-Central,False,github_oauth
acct_0764,2026-08-14,developer_sponsorship,US-West,False,github_oauth
acct_0765,2026-08-30,paid_social,APAC-SG,False,github_oauth
acct_0766,2026-07-04,organic_direct,APAC-SG,False,email
acct_0767,2026-08-11,community_events,APAC-SG,True,github_oauth
acct_0768,2026-08-04,paid_search,EU-Central,False,github_oauth
acct_0769,2026-06-20,paid_search,US-West,False,email
acct_0770,2026-07-27,paid_social,US-East,False,email
acct_0771,2026-07-09,paid_search,US-East,False,email
acct_0772,2026-08-15,organic_direct,LATAM,False,email
acct_0773,2026-09-13,paid_social,EU-Central,False,email
acct_0774,2026-08-02,paid_social,US-West,False,email
acct_0775,2026-06-20,paid_social,US-West,False,github_oauth
acct_0776,2026-07-15,paid_search,LATAM,False,github_oauth
acct_0777,2026-08-03,paid_search,APAC-SG,False,email
acct_0778,2026-08-25,organic_direct,US-East,False,github_oauth
acct_0779,2026-09-10,paid_search,US-East,True,github_oauth
acct_0780,2026-08-10,community_events,APAC-SG,False,email
acct_0781,2026-08-17,paid_social,US-West,False,github_oauth
acct_0782,2026-07-26,community_events,US-East,False,email
acct_0783,2026-09-05,organic_direct,US-West,False,github_oauth
acct_0784,2026-08-22,organic_direct,US-East,False,github_oauth
acct_0785,2026-08-20,paid_social,LATAM,False,email
acct_0786,2026-08-23,paid_social,EU-Central,False,email
acct_0787,2026-07-08,paid_search,LATAM,False,github_oauth
acct_0788,2026-09-14,community_events,EU-Central,False,github_oauth
acct_0789,2026-09-11,paid_search,US-East,False,email
acct_0790,2026-07-07,paid_search,LATAM,True,github_oauth
acct_0791,2026-07-20,paid_social,APAC-SG,False,email
acct_0792,2026-07-21,community_events,US-East,True,github_oauth
acct_0793,2026-06-23,developer_sponsorship,EU-Central,False,email
acct_0794,2026-08-11,paid_search,US-East,False,github_oauth
acct_0795,2026-06-19,paid_social,US-West,False,email
acct_0796,2026-09-05,developer_sponsorship,US-East,False,email
acct_0797,2026-07-11,paid_search,APAC-SG,False,email
acct_0798,2026-07-22,community_events,APAC-SG,False,github_oauth
acct_0799,2026-07-02,paid_social,US-East,False,github_oauth
acct_0800,2026-07-01,community_events,LATAM,False,email
acct_0801,2026-07-11,organic_direct,APAC-SG,False,github_oauth
acct_0802,2026-09-13,paid_social,APAC-SG,False,github_oauth
acct_0803,2026-08-09,community_events,US-East,True,email
acct_0804,2026-06-19,organic_direct,LATAM,False,github_oauth
acct_0805,2026-09-11,developer_sponsorship,LATAM,False,github_oauth
acct_0806,2026-08-12,paid_social,APAC-SG,False,email
acct_0807,2026-07-07,organic_direct,LATAM,True,github_oauth
acct_0808,2026-08-21,community_events,APAC-SG,False,github_oauth
acct_0809,2026-08-19,developer_sponsorship,US-West,False,email
acct_0810,2026-06-24,organic_direct,US-West,False,email
acct_0811,2026-08-08,paid_social,US-East,False,email
acct_0812,2026-06-29,community_events,APAC-SG,False,email
acct_0813,2026-09-09,paid_search,US-East,False,github_oauth
acct_0814,2026-08-28,organic_direct,US-East,False,email
acct_0815,2026-08-22,organic_direct,US-West,False,email
acct_0816,2026-07-31,developer_sponsorship,US-East,False,email
acct_0817,2026-07-30,organic_direct,LATAM,False,email
acct_0818,2026-08-14,paid_search,US-East,False,github_oauth
acct_0819,2026-06-18,developer_sponsorship,EU-Central,False,email
acct_0820,2026-08-27,organic_direct,EU-Central,False,github_oauth
acct_0821,2026-07-09,community_events,US-West,False,email
acct_0822,2026-07-01,developer_sponsorship,LATAM,False,github_oauth
acct_0823,2026-08-07,paid_social,APAC-SG,False,github_oauth
acct_0824,2026-07-31,paid_search,APAC-SG,True,github_oauth
acct_0825,2026-08-14,community_events,LATAM,False,github_oauth
acct_0826,2026-08-20,paid_search,LATAM,False,email
acct_0827,2026-08-31,community_events,LATAM,False,github_oauth
acct_0828,2026-09-14,organic_direct,US-West,False,github_oauth
acct_0829,2026-07-01,community_events,LATAM,False,email
acct_0830,2026-08-21,community_events,APAC-SG,False,github_oauth
acct_0831,2026-07-23,community_events,EU-Central,False,email
acct_0832,2026-07-05,paid_social,APAC-SG,False,email
acct_0833,2026-09-15,organic_direct,EU-Central,False,github_oauth
acct_0834,2026-07-13,paid_social,LATAM,False,email
acct_0835,2026-09-12,paid_social,US-West,False,email
acct_0836,2026-07-02,developer_sponsorship,LATAM,False,email
acct_0837,2026-09-12,organic_direct,EU-Central,False,email
acct_0838,2026-06-19,organic_direct,US-East,True,github_oauth
acct_0839,2026-06-24,paid_search,US-West,False,github_oauth
acct_0840,2026-07-24,developer_sponsorship,US-West,False,email
acct_0841,2026-07-14,organic_direct,US-East,False,email
acct_0842,2026-07-01,organic_direct,LATAM,False,email
acct_0843,2026-07-18,organic_direct,EU-Central,False,github_oauth
acct_0844,2026-08-05,community_events,APAC-SG,False,email
acct_0845,2026-08-27,paid_search,US-East,False,github_oauth
acct_0846,2026-09-05,community_events,US-West,False,email
acct_0847,2026-09-01,organic_direct,LATAM,False,github_oauth
acct_0848,2026-07-25,community_events,US-West,False,github_oauth
acct_0849,2026-07-11,paid_social,LATAM,False,github_oauth
acct_0850,2026-08-11,developer_sponsorship,LATAM,False,github_oauth
acct_0851,2026-08-31,developer_sponsorship,US-East,False,github_oauth
acct_0852,2026-06-23,paid_social,EU-Central,False,email
acct_0853,2026-08-19,organic_direct,LATAM,False,email
acct_0854,2026-08-24,paid_social,US-West,False,github_oauth
acct_0855,2026-08-10,organic_direct,LATAM,False,email
acct_0856,2026-07-16,paid_social,EU-Central,False,email
acct_0857,2026-07-15,organic_direct,LATAM,False,github_oauth
acct_0858,2026-07-02,developer_sponsorship,APAC-SG,False,github_oauth
acct_0859,2026-06-23,developer_sponsorship,APAC-SG,False,github_oauth
acct_0860,2026-08-06,developer_sponsorship,LATAM,False,github_oauth
acct_0861,2026-08-23,developer_sponsorship,LATAM,False,email
acct_0862,2026-08-19,paid_search,EU-Central,False,github_oauth
acct_0863,2026-07-29,organic_direct,US-East,False,github_oauth
acct_0864,2026-08-25,organic_direct,US-East,False,github_oauth
acct_0865,2026-09-11,paid_social,APAC-SG,False,github_oauth
acct_0866,2026-08-25,community_events,US-East,False,github_oauth
acct_0867,2026-06-21,community_events,EU-Central,True,github_oauth
acct_0868,2026-06-24,paid_social,EU-Central,False,github_oauth
acct_0869,2026-07-21,community_events,APAC-SG,False,email
acct_0870,2026-08-12,developer_sponsorship,US-East,False,github_oauth
acct_0871,2026-08-25,paid_search,LATAM,True,github_oauth
acct_0872,2026-09-15,paid_search,EU-Central,False,github_oauth
acct_0873,2026-07-25,developer_sponsorship,LATAM,True,email
acct_0874,2026-08-05,community_events,US-East,False,github_oauth
acct_0875,2026-07-05,community_events,LATAM,False,github_oauth
acct_0876,2026-07-26,developer_sponsorship,US-East,False,github_oauth
acct_0877,2026-07-03,paid_search,US-East,False,email
acct_0878,2026-08-25,organic_direct,US-East,False,email
acct_0879,2026-07-15,community_events,LATAM,False,github_oauth
acct_0880,2026-07-16,organic_direct,EU-Central,False,github_oauth
acct_0881,2026-09-11,organic_direct,US-East,False,email
acct_0882,2026-09-08,organic_direct,US-East,False,github_oauth
acct_0883,2026-07-20,paid_search,US-West,False,email
acct_0884,2026-07-30,developer_sponsorship,US-West,False,github_oauth
acct_0885,2026-06-30,developer_sponsorship,LATAM,True,github_oauth
acct_0886,2026-07-28,community_events,APAC-SG,False,email
acct_0887,2026-09-14,organic_direct,US-West,False,email
acct_0888,2026-07-28,community_events,US-West,True,github_oauth
acct_0889,2026-07-16,community_events,EU-Central,False,github_oauth
acct_0890,2026-09-12,developer_sponsorship,APAC-SG,False,email
acct_0891,2026-07-27,community_events,LATAM,False,github_oauth
acct_0892,2026-07-23,paid_social,LATAM,False,github_oauth
acct_0893,2026-06-27,paid_search,LATAM,False,email
acct_0894,2026-09-01,paid_social,US-East,False,email
acct_0895,2026-09-09,paid_social,EU-Central,False,email
acct_0896,2026-07-05,community_events,LATAM,False,email
acct_0897,2026-08-03,organic_direct,US-East,False,github_oauth
acct_0898,2026-08-22,paid_social,APAC-SG,False,github_oauth
acct_0899,2026-08-18,developer_sponsorship,US-East,False,email
acct_0900,2026-07-17,paid_search,EU-Central,False,github_oauth
acct_0901,2026-09-11,paid_social,LATAM,False,email
acct_0902,2026-08-06,community_events,APAC-SG,False,github_oauth
acct_0903,2026-09-09,developer_sponsorship,US-East,False,email
acct_0904,2026-07-21,organic_direct,LATAM,False,email
acct_0905,2026-09-09,community_events,EU-Central,False,github_oauth
acct_0906,2026-08-23,developer_sponsorship,APAC-SG,False,github_oauth
acct_0907,2026-08-23,community_events,EU-Central,False,email
acct_0908,2026-08-19,community_events,LATAM,True,github_oauth
acct_0909,2026-08-13,paid_social,US-West,True,email
acct_0910,2026-07-15,paid_social,US-West,False,github_oauth
acct_0911,2026-09-10,paid_social,APAC-SG,False,github_oauth
acct_0912,2026-08-18,community_events,APAC-SG,False,github_oauth
acct_0913,2026-09-08,community_events,US-East,False,github_oauth
acct_0914,2026-08-30,organic_direct,US-West,False,github_oauth
acct_0915,2026-08-30,paid_social,US-East,False,github_oauth
acct_0916,2026-08-23,community_events,LATAM,False,github_oauth
acct_0917,2026-09-10,developer_sponsorship,US-East,False,email
acct_0918,2026-08-18,paid_social,US-West,False,github_oauth
acct_0919,2026-08-31,paid_social,LATAM,False,email
acct_0920,2026-07-09,developer_sponsorship,APAC-SG,False,github_oauth
acct_0921,2026-07-17,community_events,APAC-SG,False,github_oauth
acct_0922,2026-07-13,organic_direct,LATAM,False,github_oauth
acct_0923,2026-09-03,paid_search,US-West,False,github_oauth
acct_0924,2026-08-25,organic_direct,US-East,True,github_oauth
acct_0925,2026-09-03,organic_direct,US-East,False,email
acct_0926,2026-08-23,community_events,EU-Central,False,email
acct_0927,2026-07-17,community_events,APAC-SG,False,github_oauth
acct_0928,2026-08-11,paid_social,EU-Central,False,github_oauth
acct_0929,2026-06-28,developer_sponsorship,LATAM,False,email
acct_0930,2026-07-20,paid_social,US-East,False,github_oauth
acct_0931,2026-08-30,organic_direct,US-East,False,email
acct_0932,2026-09-09,paid_social,EU-Central,False,github_oauth
acct_0933,2026-07-07,community_events,LATAM,False,email
acct_0934,2026-08-29,developer_sponsorship,LATAM,False,email
acct_0935,2026-07-14,community_events,LATAM,False,email
acct_0936,2026-07-10,developer_sponsorship,LATAM,False,email
acct_0937,2026-07-27,organic_direct,EU-Central,False,email
acct_0938,2026-07-05,paid_search,US-West,False,github_oauth
acct_0939,2026-06-30,paid_social,LATAM,False,email
acct_0940,2026-08-27,organic_direct,US-East,False,github_oauth
acct_0941,2026-06-29,paid_social,APAC-SG,False,email
acct_0942,2026-06-29,paid_search,EU-Central,False,github_oauth
acct_0943,2026-09-03,paid_search,APAC-SG,False,email
acct_0944,2026-09-04,organic_direct,EU-Central,False,github_oauth
acct_0945,2026-07-10,community_events,APAC-SG,True,email
acct_0946,2026-07-12,paid_search,LATAM,False,github_oauth
acct_0947,2026-09-04,paid_social,US-East,False,github_oauth
acct_0948,2026-07-08,paid_search,EU-Central,False,email
acct_0949,2026-09-11,community_events,APAC-SG,False,github_oauth
acct_0950,2026-06-26,paid_search,LATAM,False,email
acct_0951,2026-08-01,developer_sponsorship,US-West,False,github_oauth
acct_0952,2026-08-15,community_events,LATAM,True,github_oauth
acct_0953,2026-08-09,organic_direct,US-East,False,email
acct_0954,2026-07-31,paid_search,LATAM,False,email
acct_0955,2026-09-14,community_events,APAC-SG,False,github_oauth
acct_0956,2026-07-31,community_events,APAC-SG,False,github_oauth
acct_0957,2026-08-18,paid_search,EU-Central,True,github_oauth
acct_0958,2026-09-12,paid_social,EU-Central,False,email
acct_0959,2026-08-23,organic_direct,US-East,False,email
acct_0960,2026-07-19,developer_sponsorship,US-East,False,email
acct_0961,2026-06-27,organic_direct,US-West,False,email
acct_0962,2026-07-15,organic_direct,EU-Central,False,github_oauth
acct_0963,2026-08-20,paid_social,US-West,False,email
acct_0964,2026-07-14,paid_social,US-West,False,email
acct_0965,2026-07-07,paid_search,US-East,False,email
acct_0966,2026-09-04,paid_search,LATAM,False,email
acct_0967,2026-08-04,organic_direct,EU-Central,False,email
acct_0968,2026-08-19,paid_social,LATAM,False,github_oauth
acct_0969,2026-08-30,paid_social,US-East,False,email
acct_0970,2026-08-18,organic_direct,US-East,False,email
acct_0971,2026-09-13,paid_social,APAC-SG,False,email
acct_0972,2026-07-28,paid_search,US-East,False,email
acct_0973,2026-08-31,paid_search,EU-Central,False,email
acct_0974,2026-07-11,organic_direct,EU-Central,False,email
acct_0975,2026-09-04,developer_sponsorship,EU-Central,False,email
acct_0976,2026-07-14,community_events,EU-Central,False,email
acct_0977,2026-07-23,community_events,US-West,False,github_oauth
acct_0978,2026-06-30,developer_sponsorship,US-West,False,email
acct_0979,2026-07-13,paid_social,US-West,False,github_oauth
acct_0980,2026-07-10,community_events,APAC-SG,False,email
acct_0981,2026-08-19,developer_sponsorship,EU-Central,False,github_oauth
acct_0982,2026-08-07,paid_search,US-West,True,email
acct_0983,2026-08-17,paid_search,APAC-SG,False,email
acct_0984,2026-08-03,developer_sponsorship,LATAM,False,email
acct_0985,2026-08-01,paid_search,APAC-SG,False,github_oauth
acct_0986,2026-08-30,organic_direct,LATAM,False,email
acct_0987,2026-08-02,developer_sponsorship,LATAM,False,email
acct_0988,2026-06-28,community_events,LATAM,False,github_oauth
acct_0989,2026-07-09,developer_sponsorship,APAC-SG,False,email
acct_0990,2026-06-27,paid_search,US-West,False,email
acct_0991,2026-07-28,developer_sponsorship,EU-Central,False,email
acct_0992,2026-07-22,community_events,EU-Central,False,email
acct_0993,2026-08-09,paid_social,US-West,False,github_oauth
acct_0994,2026-07-18,developer_sponsorship,US-East,False,email
acct_0995,2026-07-01,paid_search,US-East,False,email
acct_0996,2026-08-27,paid_search,US-East,False,github_oauth
acct_0997,2026-07-01,developer_sponsorship,LATAM,False,email
acct_0998,2026-07-27,paid_social,US-West,False,email
acct_0999,2026-09-06,paid_social,US-West,False,github_oauth
acct_1000,2026-06-21,paid_search,EU-Central,False,email
acct_1001,2026-08-17,community_events,LATAM,False,email
acct_1002,2026-07-05,organic_direct,US-West,False,email
acct_1003,2026-09-06,organic_direct,APAC-SG,False,email
acct_1004,2026-08-01,community_events,LATAM,False,github_oauth
acct_1005,2026-08-13,developer_sponsorship,EU-Central,False,github_oauth
acct_1006,2026-07-26,paid_search,US-East,False,github_oauth
acct_1007,2026-08-01,developer_sponsorship,APAC-SG,False,email
acct_1008,2026-08-18,developer_sponsorship,US-East,False,email
acct_1009,2026-09-02,paid_social,US-East,False,github_oauth
acct_1010,2026-08-09,organic_direct,APAC-SG,False,github_oauth
acct_1011,2026-09-08,community_events,APAC-SG,False,github_oauth
acct_1012,2026-08-11,paid_social,LATAM,False,email
acct_1013,2026-07-24,organic_direct,EU-Central,False,github_oauth
acct_1014,2026-07-11,paid_social,EU-Central,False,email
acct_1015,2026-09-05,community_events,EU-Central,False,email
acct_1016,2026-07-12,developer_sponsorship,US-East,False,github_oauth
acct_1017,2026-07-11,paid_search,EU-Central,False,email
acct_1018,2026-06-19,paid_social,US-East,False,email
acct_1019,2026-07-15,developer_sponsorship,APAC-SG,False,email
acct_1020,2026-08-04,community_events,US-East,False,github_oauth
acct_1021,2026-06-25,developer_sponsorship,APAC-SG,True,email
acct_1022,2026-07-11,paid_social,EU-Central,False,github_oauth
acct_1023,2026-07-03,paid_social,APAC-SG,False,email
acct_1024,2026-07-19,paid_search,US-West,False,github_oauth
acct_1025,2026-08-23,paid_social,APAC-SG,False,email
acct_1026,2026-07-29,paid_social,US-East,False,github_oauth
acct_1027,2026-07-20,community_events,EU-Central,False,github_oauth
acct_1028,2026-09-11,paid_social,US-East,False,email
acct_1029,2026-07-29,paid_search,US-West,False,github_oauth
acct_1030,2026-08-07,paid_social,US-East,False,email
acct_1031,2026-09-14,organic_direct,US-West,False,github_oauth
acct_1032,2026-07-19,paid_social,APAC-SG,True,email
acct_1033,2026-09-06,paid_search,US-East,False,github_oauth
acct_1034,2026-09-15,organic_direct,US-East,False,github_oauth
acct_1035,2026-07-28,organic_direct,EU-Central,False,email
acct_1036,2026-07-12,paid_search,APAC-SG,False,github_oauth
acct_1037,2026-07-20,paid_search,APAC-SG,False,email
acct_1038,2026-08-26,community_events,US-West,False,email
acct_1039,2026-07-29,community_events,EU-Central,False,github_oauth
acct_1040,2026-06-26,organic_direct,US-West,False,email
acct_1041,2026-08-26,developer_sponsorship,APAC-SG,True,email
acct_1042,2026-07-11,paid_search,LATAM,False,github_oauth
acct_1043,2026-07-29,paid_search,LATAM,False,github_oauth
acct_1044,2026-08-24,community_events,LATAM,False,email
acct_1045,2026-07-29,community_events,EU-Central,False,github_oauth
acct_1046,2026-06-23,paid_social,US-West,False,github_oauth
acct_1047,2026-07-01,community_events,US-West,True,email
acct_1048,2026-09-10,community_events,LATAM,False,email
acct_1049,2026-06-24,developer_sponsorship,US-West,False,github_oauth
acct_1050,2026-06-19,paid_social,APAC-SG,False,github_oauth
acct_1051,2026-08-16,paid_search,EU-Central,False,email
acct_1052,2026-08-04,paid_search,LATAM,False,github_oauth
acct_1053,2026-06-27,developer_sponsorship,US-East,False,github_oauth
acct_1054,2026-06-30,paid_social,LATAM,False,github_oauth
acct_1055,2026-08-24,paid_social,LATAM,False,github_oauth
acct_1056,2026-08-28,organic_direct,APAC-SG,False,email
acct_1057,2026-09-12,community_events,APAC-SG,False,github_oauth
acct_1058,2026-07-11,organic_direct,APAC-SG,False,github_oauth
acct_1059,2026-08-25,organic_direct,APAC-SG,False,email
acct_1060,2026-08-27,developer_sponsorship,EU-Central,False,email
acct_1061,2026-07-29,organic_direct,US-West,False,github_oauth
acct_1062,2026-08-05,organic_direct,EU-Central,False,email
acct_1063,2026-08-14,community_events,US-East,False,email
acct_1064,2026-09-02,paid_search,LATAM,False,email
acct_1065,2026-06-18,developer_sponsorship,US-West,False,email
acct_1066,2026-06-20,developer_sponsorship,LATAM,False,github_oauth
acct_1067,2026-06-30,paid_search,APAC-SG,False,github_oauth
acct_1068,2026-07-21,developer_sponsorship,LATAM,False,email
acct_1069,2026-07-26,paid_search,LATAM,False,github_oauth
acct_1070,2026-06-27,developer_sponsorship,APAC-SG,False,github_oauth
acct_1071,2026-09-02,developer_sponsorship,US-East,False,email
acct_1072,2026-06-28,paid_search,EU-Central,False,email
acct_1073,2026-08-10,paid_search,US-West,False,github_oauth
acct_1074,2026-09-07,community_events,US-East,False,github_oauth
acct_1075,2026-07-28,organic_direct,LATAM,False,github_oauth
acct_1076,2026-07-07,paid_search,APAC-SG,False,github_oauth
acct_1077,2026-07-16,community_events,EU-Central,False,github_oauth
acct_1078,2026-07-04,developer_sponsorship,US-East,False,github_oauth
acct_1079,2026-08-27,community_events,EU-Central,True,email
acct_1080,2026-09-15,paid_social,US-West,False,github_oauth
acct_1081,2026-08-19,community_events,LATAM,False,github_oauth
acct_1082,2026-07-19,paid_search,EU-Central,False,email
acct_1083,2026-09-13,organic_direct,US-East,False,email
acct_1084,2026-08-11,developer_sponsorship,EU-Central,False,email
acct_1085,2026-09-02,paid_search,EU-Central,False,email
acct_1086,2026-09-04,community_events,LATAM,False,github_oauth
acct_1087,2026-07-17,paid_social,EU-Central,False,github_oauth
acct_1088,2026-07-02,paid_search,US-West,False,github_oauth
acct_1089,2026-07-24,paid_search,EU-Central,False,github_oauth
acct_1090,2026-07-27,community_events,APAC-SG,True,github_oauth
acct_1091,2026-08-25,paid_social,US-West,False,email
acct_1092,2026-08-27,community_events,LATAM,False,github_oauth
acct_1093,2026-09-14,paid_search,APAC-SG,False,github_oauth
acct_1094,2026-07-20,paid_social,US-East,False,email
acct_1095,2026-06-24,community_events,US-East,True,email
acct_1096,2026-09-10,developer_sponsorship,US-East,True,email
acct_1097,2026-07-17,community_events,LATAM,False,github_oauth
acct_1098,2026-07-28,community_events,LATAM,False,github_oauth
acct_1099,2026-07-13,organic_direct,APAC-SG,False,github_oauth
acct_1100,2026-06-23,paid_social,LATAM,False,email
acct_1101,2026-08-07,paid_social,US-East,False,email
acct_1102,2026-08-02,developer_sponsorship,US-West,False,email
acct_1103,2026-06-25,developer_sponsorship,APAC-SG,False,github_oauth
acct_1104,2026-08-28,developer_sponsorship,US-West,False,email
acct_1105,2026-09-10,paid_social,US-East,False,github_oauth
acct_1106,2026-08-10,paid_social,LATAM,False,email
acct_1107,2026-09-03,developer_sponsorship,APAC-SG,False,github_oauth
acct_1108,2026-09-09,paid_social,LATAM,False,github_oauth
acct_1109,2026-07-05,developer_sponsorship,LATAM,False,email
acct_1110,2026-07-06,organic_direct,US-West,False,github_oauth
acct_1111,2026-07-11,developer_sponsorship,US-West,False,email
acct_1112,2026-08-09,community_events,EU-Central,False,email
acct_1113,2026-07-07,paid_social,US-East,False,github_oauth
acct_1114,2026-09-04,organic_direct,EU-Central,False,github_oauth
acct_1115,2026-09-02,paid_social,US-West,False,email
acct_1116,2026-06-28,community_events,US-West,False,email
acct_1117,2026-09-09,developer_sponsorship,US-West,False,email
acct_1118,2026-08-17,paid_social,US-West,False,github_oauth
acct_1119,2026-08-09,paid_search,EU-Central,False,github_oauth
acct_1120,2026-09-11,paid_social,US-West,True,email
acct_1121,2026-09-04,community_events,EU-Central,False,github_oauth
acct_1122,2026-08-11,community_events,US-East,False,email
acct_1123,2026-07-28,community_events,LATAM,False,github_oauth
acct_1124,2026-08-23,paid_search,APAC-SG,False,github_oauth
acct_1125,2026-07-19,organic_direct,LATAM,False,github_oauth
acct_1126,2026-08-28,community_events,LATAM,False,github_oauth
acct_1127,2026-07-12,developer_sponsorship,APAC-SG,False,email
acct_1128,2026-07-24,community_events,US-West,False,github_oauth
acct_1129,2026-09-14,organic_direct,US-West,False,email
acct_1130,2026-06-29,organic_direct,US-East,False,github_oauth
acct_1131,2026-08-07,community_events,EU-Central,False,github_oauth
acct_1132,2026-08-15,organic_direct,US-West,False,github_oauth
acct_1133,2026-07-20,developer_sponsorship,US-West,False,github_oauth
acct_1134,2026-06-29,paid_search,APAC-SG,False,github_oauth
acct_1135,2026-08-24,community_events,LATAM,False,github_oauth
acct_1136,2026-08-05,organic_direct,APAC-SG,True,github_oauth
acct_1137,2026-07-30,organic_direct,US-West,False,github_oauth
acct_1138,2026-07-10,paid_search,APAC-SG,False,email
acct_1139,2026-07-24,paid_social,US-East,False,github_oauth
acct_1140,2026-06-18,organic_direct,EU-Central,True,email
acct_1141,2026-08-20,organic_direct,US-East,False,email
acct_1142,2026-07-18,paid_social,LATAM,False,email
acct_1143,2026-08-09,community_events,US-East,False,github_oauth
acct_1144,2026-07-19,organic_direct,EU-Central,False,github_oauth
acct_1145,2026-06-24,paid_social,US-West,True,email
acct_1146,2026-06-22,paid_social,US-East,False,email
acct_1147,2026-07-30,paid_search,US-East,False,github_oauth
acct_1148,2026-07-08,developer_sponsorship,LATAM,False,github_oauth
acct_1149,2026-08-15,organic_direct,EU-Central,False,github_oauth
acct_1150,2026-07-26,developer_sponsorship,EU-Central,False,github_oauth
acct_1151,2026-08-11,organic_direct,US-East,False,github_oauth
acct_1152,2026-07-03,developer_sponsorship,EU-Central,False,github_oauth
acct_1153,2026-09-15,paid_social,LATAM,True,github_oauth
acct_1154,2026-08-18,organic_direct,EU-Central,False,email
acct_1155,2026-07-21,organic_direct,LATAM,False,email
acct_1156,2026-07-04,organic_direct,LATAM,False,email
acct_1157,2026-08-20,paid_social,LATAM,False,email
acct_1158,2026-07-12,paid_search,US-East,True,github_oauth
acct_1159,2026-07-14,organic_direct,APAC-SG,False,email
acct_1160,2026-08-01,organic_direct,US-West,True,github_oauth
acct_1161,2026-09-14,developer_sponsorship,EU-Central,False,email
acct_1162,2026-07-26,organic_direct,LATAM,False,github_oauth
acct_1163,2026-07-02,developer_sponsorship,EU-Central,False,github_oauth
acct_1164,2026-07-10,paid_social,EU-Central,False,email
acct_1165,2026-08-17,paid_search,US-West,False,email
acct_1166,2026-08-25,developer_sponsorship,APAC-SG,False,email
acct_1167,2026-06-25,organic_direct,EU-Central,False,email
acct_1168,2026-08-28,organic_direct,US-East,False,email
acct_1169,2026-08-02,paid_search,US-West,False,github_oauth
acct_1170,2026-07-31,community_events,LATAM,False,email
acct_1171,2026-07-11,organic_direct,US-East,False,email
acct_1172,2026-07-28,paid_search,EU-Central,False,email
acct_1173,2026-07-18,developer_sponsorship,APAC-SG,False,email
acct_1174,2026-07-15,organic_direct,EU-Central,False,email
acct_1175,2026-06-22,paid_social,US-East,False,github_oauth
acct_1176,2026-08-18,organic_direct,US-West,False,email
acct_1177,2026-08-24,developer_sponsorship,EU-Central,False,github_oauth
acct_1178,2026-08-23,paid_social,US-West,False,email
acct_1179,2026-08-06,organic_direct,US-East,True,github_oauth
acct_1180,2026-09-13,organic_direct,US-East,False,github_oauth
acct_1181,2026-07-01,organic_direct,EU-Central,True,email
acct_1182,2026-09-07,paid_social,EU-Central,False,email
acct_1183,2026-07-23,organic_direct,EU-Central,False,github_oauth
acct_1184,2026-07-22,paid_social,US-West,False,github_oauth
acct_1185,2026-09-05,organic_direct,LATAM,False,email
acct_1186,2026-08-27,developer_sponsorship,EU-Central,False,email
acct_1187,2026-08-30,paid_social,US-West,True,email
acct_1188,2026-08-26,community_events,US-East,False,email
acct_1189,2026-09-12,paid_search,US-East,False,github_oauth
acct_1190,2026-08-11,community_events,US-West,False,email
acct_1191,2026-09-04,developer_sponsorship,EU-Central,False,github_oauth
acct_1192,2026-09-11,organic_direct,US-East,False,email
acct_1193,2026-08-29,paid_social,US-East,False,email
acct_1194,2026-06-30,community_events,EU-Central,False,email
acct_1195,2026-08-17,paid_social,US-West,False,email
acct_1196,2026-08-03,community_events,US-West,False,email
acct_1197,2026-07-29,community_events,APAC-SG,True,email
acct_1198,2026-07-02,developer_sponsorship,APAC-SG,False,github_oauth
acct_1199,2026-07-24,developer_sponsorship,LATAM,False,github_oauth
acct_1200,2026-08-08,paid_search,EU-Central,False,github_oauth
